{"train_loss": 0.004360118243355481, "train_acc": 0.8266296344144004, "train_ious": 0.9981865244252341, "valid_loss": 0.027350254589691758, "valid_acc": 0.6996379470632922, "valid_ious": 0.9916028404428113, "_timestamp": 1715555874.9029045, "_runtime": 31247.111479520798, "_step": 52}