{"train_loss": 0.004786269107301321, "train_acc": 0.8476069697311946, "train_ious": 0.9979774157206217, "valid_loss": 0.1587192267179489, "valid_acc": 0.2094425106601369, "valid_ious": 0.9466902911663055, "_timestamp": 1715490606.9528224, "_runtime": 2131.8092324733734, "_step": 62, "_wandb": {"runtime": 2131}}