{"train_loss": 0.02086820506623813, "train_acc": 0.6122113430783862, "train_ious": 0.9916613158725557, "valid_loss": 0.09228072841201097, "valid_acc": 0.23637482944515445, "valid_ious": 0.9780513884559754, "_timestamp": 1715491837.447974, "_runtime": 1125.5834939479828, "_step": 64, "_wandb": {"runtime": 1124}}