{"train_loss": 0.005835788354517952, "train_acc": 0.8679588802399174, "train_ious": 0.997576775089387, "train_dice": 0.9278938501111923, "train_hausdorff_distance": 3.5707942857331703, "valid_loss": 0.014335780141634806, "valid_acc": 0.8081537888896081, "valid_ious": 0.9948628179488643, "valid_dice": 0.8921258319770137, "valid_hausdorff_distance": 3.7624403676362683, "learning_rate": 1.0000000000000004e-08, "_timestamp": 1716080838.8838973, "_runtime": 20269.133021354675, "_step": 118, "_wandb": {"runtime": 20268}}