{"train_loss": 0.2507579961130696, "train_acc": 0.01915913838292322, "train_ious": 0.981435889197934, "train_dice": 0.03697044492488907, "train_hausdorff_distance": 7.039388000821784, "valid_loss": 0.25313582355456965, "valid_acc": 0.018514842861482212, "valid_ious": 0.976123339226169, "valid_dice": 0.0359166941770743, "valid_hausdorff_distance": 6.4736953525434595, "learning_rate": 0.0001, "_timestamp": 1716060947.9998822, "_runtime": 378.2490062713623, "_step": 8}