{"t_bce_loss": 0.14875958859920502, "v_bce_loss": 0.15053962916135788, "_timestamp": 1715438247.0382109, "_runtime": 160.71412682533264, "_step": 12}