{"t_bce_loss": 0.028355340473353863, "v_bce_loss": 0.08353829570114613, "_timestamp": 1715439844.8232958, "_runtime": 1758.4992117881775, "_step": 137, "_wandb": {"runtime": 1757}}