{"train_loss": 0.19477198738604784, "train_acc": 0.7521005943417549, "train_ious": 0.9971516840159893, "train_dice": NaN, "train_hausdorff_distance": 4.23365607762096, "valid_loss": 0.14094233652576804, "valid_acc": 0.8018886968493462, "valid_ious": 0.9948622807860374, "valid_dice": 0.8879914991557598, "valid_hausdorff_distance": 4.993668068806399, "learning_rate": 0.0001, "_timestamp": 1716211936.7405593, "_runtime": 49076.14843535423, "_step": 680, "_wandb": {"runtime": 49075}}