{"train_loss": 0.0083025323360094, "train_acc": 0.8187687638260069, "train_ious": 0.9980680885769072, "valid_loss": 0.06717331521213055, "valid_acc": 0.43443927048675474, "valid_ious": 0.9837641047854577, "_timestamp": 1715555929.2385995, "_runtime": 31364.973959445953, "_step": 56}