{"train_loss": 0.00465403091982894, "train_acc": 0.8583467574346633, "train_ious": 0.998148874157951, "valid_loss": 0.02657358036301429, "valid_acc": 0.7266803441509124, "valid_ious": 0.992591219563638, "_timestamp": 1715557542.779742, "_runtime": 28750.097079992294, "_step": 78, "_wandb": {"runtime": 28748}}