{"train_loss": 0.025585661886171215, "train_acc": 0.4498004537253153, "train_ious": 0.9911716097877139, "valid_loss": 0.09418120836057971, "valid_acc": 0.12447321192631798, "valid_ious": 0.9746173115507248, "_timestamp": 1715555969.4230192, "_runtime": 31321.25384426117, "_step": 51}