{"train_loss": 0.9790602475404739, "train_acc": 0.08886082004755735, "valid_loss": 0.9773362490438646, "valid_acc": 0.07721803042917483, "_timestamp": 1715454023.2131927, "_runtime": 286.8928577899933, "_step": 19}