{"train_loss": 0.2710293550044298, "train_acc": 0.02395002474077046, "valid_loss": 0.05264605575751874, "valid_acc": 0.024507124187244524, "_timestamp": 1715453755.8464284, "_runtime": 19.52609348297119, "_step": 1}