{"train_loss": 0.9792012795805931, "train_acc": 0.05130842444486916, "valid_loss": 0.9769540054182853, "valid_acc": 0.07468183020189885, "_timestamp": 1715454327.0747466, "_runtime": 231.01793551445007, "_step": 14}