{"train_loss": 0.001335780093324415, "train_acc": 0.9119713050978524, "train_ious": 0.9995172761735462, "valid_loss": 0.036709921043967045, "valid_acc": 0.7695024672054476, "valid_ious": 0.9937088556828038, "_timestamp": 1715490642.2650657, "_runtime": 2217.895847558975, "_step": 97, "_wandb": {"runtime": 2217}}