{"train_loss": 0.001086119913712277, "train_acc": 0.915877450080145, "train_ious": 0.9996242026487986, "valid_loss": 0.10929477181766302, "valid_acc": 0.349386052979577, "valid_ious": 0.9834565577968475, "_timestamp": 1715460379.9718702, "_runtime": 2857.4145102500916, "_step": 109, "_wandb": {"runtime": 2856}}