{"train_loss": 0.002666655505890958, "train_acc": 0.9980792813003063, "train_ious": 0.9999536201357841, "valid_loss": 0.03457709086397963, "valid_acc": 0.7615640730627121, "valid_ious": 0.9936515986919403, "learning_rate": 1.0000000000000002e-06, "_timestamp": 1715567200.8341768, "_runtime": 2535.279882669449, "_step": 136}