{"train_loss": 0.0026259230508003384, "train_acc": 0.9984044097363949, "train_ious": 0.9999614842236042, "valid_loss": 0.03508648081051727, "valid_acc": 0.7613541185855865, "valid_ious": 0.9936449710399874, "learning_rate": 1.0000000000000004e-08, "_timestamp": 1715567612.274789, "_runtime": 2946.7204949855804, "_step": 158, "_wandb": {"runtime": 2945}}