{"train_loss": 0.004104976891539991, "train_acc": 0.8654769882559776, "train_ious": 0.9984872117638588, "valid_loss": 0.031120043488279465, "valid_acc": 0.7093078772867879, "valid_ious": 0.9919378738249501, "_timestamp": 1715459168.0048382, "_runtime": 1979.1303353309631, "_step": 146, "_wandb": {"runtime": 1977}}