{"train_loss": 0.003954712228733115, "train_acc": 0.944624338299036, "train_ious": 0.9998755343258381, "valid_loss": 0.0353505608715838, "valid_acc": 0.7254211902618408, "valid_ious": 0.9926270169596518, "learning_rate": 1.0000000000000004e-08, "_timestamp": 1715560464.177967, "_runtime": 3127.0889949798584, "_step": 149, "_wandb": {"runtime": 3126}}