{"train_loss": 0.9899981990456581, "train_acc": 0.5407187268137932, "valid_loss": 0.9855714959482993, "valid_acc": 0.48594641541281053, "_timestamp": 1715453751.986194, "_runtime": 342.29761600494385, "_step": 25}