{"train_loss": 0.993394136428833, "train_acc": 0.6664253398776054, "valid_loss": 0.9890189132382793, "valid_acc": 0.6180039211626975, "_timestamp": 1715454006.6796947, "_runtime": 596.9911167621613, "_step": 41}