{"train_loss": 0.005067260486872068, "train_acc": 0.8508556414218176, "train_ious": 0.9980624729678744, "valid_loss": 0.07876178913659626, "valid_acc": 0.49126651138067245, "valid_ious": 0.9847917354875996, "_timestamp": 1715492305.7472908, "_runtime": 1592.5448849201202, "_step": 92, "_wandb": {"runtime": 1591}}