{"train_loss": 0.07815157296136022, "train_acc": 0.8817064315080643, "train_ious": 0.9977952875196934, "train_dice": 0.9362127706408501, "train_hausdorff_distance": 3.5282936684083044, "valid_loss": 0.08146028686314821, "valid_acc": 0.8802379071712494, "valid_ious": 0.99686573818326, "valid_dice": 0.9357151985168457, "valid_hausdorff_distance": 3.9078179943234237, "learning_rate": 0.0001, "_timestamp": 1716231941.0723057, "_runtime": 59733.300097703934, "_step": 705, "_wandb": {"runtime": 59731}}