{"train_loss": 0.071584802120924, "train_acc": 0.9805272534035203, "train_ious": 0.9500263935937632, "train_dice": 0.9688103497028351, "train_hausdorff_distance": 8.474542479415303, "valid_loss": 0.11429691314697266, "valid_acc": 0.9652068832319721, "valid_ious": 0.9074661444686544, "valid_dice": 0.9459852576255798, "valid_hausdorff_distance": 10.246950765959598, "learning_rate": 0.0001, "_timestamp": 1716981102.8811636, "_runtime": 7331.890310525894, "_step": 734}