{"train_loss": 1.4975292020373874, "train_acc": 0.0, "train_ious": 0.9470246831576029, "train_dice": NaN, "train_hausdorff_distance": 14.940616750629784, "valid_loss": 1.4864087104797363, "valid_acc": 0.0, "valid_ious": 0.9578108986218771, "valid_dice": NaN, "valid_hausdorff_distance": 14.933184523068078, "learning_rate": 0.0001, "_timestamp": 1716257365.1048899, "_runtime": 71.75513887405396, "_step": 3}