{"train_loss": 0.0053589578601531684, "train_acc": 0.9340680092573166, "train_ious": 0.9981421791017056, "valid_loss": 0.024186192951615778, "valid_acc": 0.779935049433862, "valid_ious": 0.9928149878978729, "learning_rate": 1.0000000000000004e-08, "_timestamp": 1715566506.826618, "_runtime": 1565.753007888794, "_step": 108, "_wandb": {"runtime": 1565}}