{"train_loss": 0.9909366965293884, "train_acc": 0.5761841014027596, "valid_loss": 0.9863968135849122, "valid_acc": 0.48847308947194007, "_timestamp": 1715454340.2018695, "_runtime": 220.82251644134521, "_step": 13}