{"train_loss": 0.02763399959076196, "train_acc": 0.47498715855181217, "train_ious": 0.9892463013529778, "train_dice": 0.6324681676924229, "train_hausdorff_distance": 5.959462477723928, "valid_loss": 0.07155313511048594, "valid_acc": 0.2761396309060435, "valid_ious": 0.9788928704877053, "valid_dice": 0.41860050155270484, "valid_hausdorff_distance": 6.603042108261158, "learning_rate": 0.0001, "_timestamp": 1716097044.10696, "_runtime": 6463.077713012695, "_step": 117, "_wandb": {"runtime": 6462}}