{"train_loss": 0.049120514653623104, "train_acc": 0.9831753901866029, "train_ious": 0.9506742251743066, "train_dice": 0.9693683534860611, "train_hausdorff_distance": 7.00152016601751, "valid_loss": 0.09082767367362976, "valid_acc": 0.9721126168263827, "valid_ious": 0.9173413764537345, "valid_dice": 0.95220947265625, "valid_hausdorff_distance": 10.295630140987, "learning_rate": 0.0001, "_timestamp": 1716985038.6861153, "_runtime": 3867.5553612709045, "_step": 448}