{"train_loss": 0.006286888954139525, "train_acc": 0.8546176283590255, "train_ious": 0.9972904036121983, "train_dice": 0.9203108106890032, "train_hausdorff_distance": 3.7994901430956416, "valid_loss": 0.009723484236371493, "valid_acc": 0.8489830272812997, "valid_ious": 0.9960181881343165, "valid_dice": 0.9173216766888096, "valid_hausdorff_distance": 3.500908690324027, "learning_rate": 0.0001, "_timestamp": 1716121932.6798873, "_runtime": 34896.74583029747, "_step": 642}