{"train_loss": 0.0060980916605331, "train_acc": 0.8361338451504707, "train_ious": 0.9977637529373169, "valid_loss": 0.025068277673375224, "valid_acc": 0.7263527176072521, "valid_ious": 0.992113987284322, "_timestamp": 1715456618.4070792, "_runtime": 2097.1600852012634, "_step": 134}