{"train_loss": 0.0042429536988493055, "train_acc": 0.8618350178003311, "train_ious": 0.9984012246131897, "valid_loss": 0.028124778441363765, "valid_acc": 0.7220497189029571, "valid_ious": 0.992185389803302, "_timestamp": 1715457117.683245, "_runtime": 2596.436250925064, "_step": 168, "_wandb": {"runtime": 2600}}