{"train_loss": 0.006068811635486782, "train_acc": 0.8354492411017418, "train_ious": 0.9977322965860367, "valid_loss": 0.024941978750810508, "valid_acc": 0.7275476686416134, "valid_ious": 0.9922531372116458, "_timestamp": 1715456647.2185836, "_runtime": 2125.971589565277, "_step": 136}