{"train_loss": 0.0043421378650236875, "train_acc": 0.860657125711441, "train_ious": 0.99836016446352, "valid_loss": 0.02798946754586312, "valid_acc": 0.7218545742573277, "valid_ious": 0.9922670789303318, "_timestamp": 1715457072.9958725, "_runtime": 2551.748878479004, "_step": 165}