{"train_loss": 0.012375171179883182, "train_acc": 0.805746890604496, "train_ious": 0.9969752356410027, "valid_loss": 0.027231118551665736, "valid_acc": 0.7142833846230661, "valid_ious": 0.9918334810964523, "_timestamp": 1715456064.9463782, "_runtime": 1543.699384212494, "_step": 96}