{"train_loss": 0.005524078034795821, "train_acc": 0.8734021224081516, "train_ious": 0.9976577162742615, "train_dice": 0.9312936179339886, "train_hausdorff_distance": 3.7395308435656434, "valid_loss": 0.016605929820798337, "valid_acc": 0.7976781465113163, "valid_ious": 0.9945924170315266, "valid_dice": 0.8855378963053226, "valid_hausdorff_distance": 5.059096219872386, "learning_rate": 0.0001, "_timestamp": 1716098408.3967707, "_runtime": 7737.448343753815, "_step": 147, "_wandb": {"runtime": 7736}}