{"train_loss": 0.005896217102417722, "train_acc": 0.8627103827893734, "train_ious": 0.9974174685776234, "train_dice": 0.9249177910387516, "train_hausdorff_distance": 4.391706180196204, "valid_loss": 0.008054412988713011, "valid_acc": 0.8698174096643925, "valid_ious": 0.9965443722903728, "valid_dice": 0.9295562095940113, "valid_hausdorff_distance": 4.273823452520381, "learning_rate": 0.0001, "_timestamp": 1716130179.7712471, "_runtime": 7467.271772146225, "_step": 339}