{"train_loss": 0.9870470017194748, "train_acc": 0.45146215707063675, "valid_loss": 0.9835254674957644, "valid_acc": 0.426085832618898, "_timestamp": 1715454473.504954, "_runtime": 107.52187514305115, "_step": 7}