{"train_loss": 0.0772128258831799, "train_acc": 0.8940920978784561, "train_ious": 0.997978575527668, "train_dice": 0.9434894286096096, "train_hausdorff_distance": 3.5991549582940228, "valid_loss": 0.4173384588211775, "valid_acc": 0.5345998797565699, "valid_ious": 0.9861411079764366, "valid_dice": 0.6846266761422157, "valid_hausdorff_distance": 6.118226847837867, "learning_rate": 7.099884115496874e-05, "_timestamp": 1716144825.040476, "_runtime": 14480.533898115158, "_step": 422, "_wandb": {"runtime": 14479}}