{"train_loss": 0.13103714492172003, "train_acc": 0.8934948518872261, "train_ious": 0.9979366548359394, "train_dice": 0.9429410323500633, "train_hausdorff_distance": 3.6718403015739782, "valid_loss": 0.36585390008985996, "valid_acc": 0.5950738973915577, "valid_ious": 0.9880605638027191, "valid_dice": 0.7354543656110764, "valid_hausdorff_distance": 5.980174039100114, "learning_rate": 1.0000000000000004e-08, "_timestamp": 1716142451.944912, "_runtime": 12026.452558994293, "_step": 283, "_wandb": {"runtime": 12025}}