{"train_loss": 0.006415092624679562, "train_acc": 0.7885253131389618, "train_ious": 0.9977142569564638, "valid_loss": 0.028073010282711156, "valid_acc": 0.6973866611238448, "valid_ious": 0.991643907562379, "_timestamp": 1715556113.4002807, "_runtime": 31255.600551605225, "_step": 50}