{"train_loss": 0.3158155067099465, "train_acc": 0.9677997003242864, "train_ious": 0.8881835911034381, "train_dice": 0.9351789587073855, "train_hausdorff_distance": 13.32852897856716, "valid_loss": 0.28175947070121765, "valid_acc": 0.9675271562025206, "valid_ious": 0.8764795928127459, "valid_dice": 0.9253901541233063, "valid_hausdorff_distance": 13.201324590028657, "learning_rate": 0.0001, "_timestamp": 1716990767.8024783, "_runtime": 1602.4939093589783, "_step": 61}