{"train_loss": 0.3038389931122462, "train_acc": 0.9673354620286536, "train_ious": 0.8841675819927833, "train_dice": 0.931429902712504, "train_hausdorff_distance": 14.038512491988893, "valid_loss": 0.295788511633873, "valid_acc": 0.9703923419978988, "valid_ious": 0.829965718153829, "valid_dice": 0.9019458591938019, "valid_hausdorff_distance": 13.520755573816738, "learning_rate": 0.0001, "_timestamp": 1716990820.3412578, "_runtime": 1655.0326888561249, "_step": 63}