{"train_loss": 0.004657969577237964, "train_acc": 0.8888923190534115, "train_ious": 0.9980072155594826, "train_dice": 0.9402667954564095, "train_hausdorff_distance": 3.5358702241217808, "valid_loss": 0.007547445973614231, "valid_acc": 0.8799966983497143, "valid_ious": 0.9968416094779968, "valid_dice": 0.9355429150164127, "valid_hausdorff_distance": 4.379489188206109, "learning_rate": 0.0001, "_timestamp": 1716121942.8392467, "_runtime": 24395.952331781387, "_step": 399}