{"train_loss": 0.004361799962463833, "train_acc": 0.8260259656679063, "train_ious": 0.9981942758673713, "valid_loss": 0.028697624494652112, "valid_acc": 0.6839709445353477, "valid_ious": 0.9912553953547631, "_timestamp": 1715556255.5081384, "_runtime": 31575.523426532745, "_step": 51}