{"train_loss": 0.10494580864906311, "train_acc": 0.8410424987475077, "train_ious": 0.9969290296236674, "train_dice": 0.9124229749043783, "train_hausdorff_distance": 4.779470024197511, "valid_loss": 0.20343394204974174, "valid_acc": 0.7292342483997345, "valid_ious": 0.9932904839515686, "valid_dice": 0.8377677798271179, "valid_hausdorff_distance": 5.616458238646445, "learning_rate": 0.0001, "_timestamp": 1716273591.5485156, "_runtime": 15199.053355455399, "_step": 1000, "_wandb": {"runtime": 15196}}