{"train_loss": 0.005498910119058564, "train_acc": 0.8707910925149918, "train_ious": 0.9976330734789371, "train_dice": 0.9296651482582092, "train_hausdorff_distance": 3.787991660616332, "valid_loss": 0.007886238221544772, "valid_acc": 0.8714963346719742, "valid_ious": 0.9966603592038155, "valid_dice": 0.9306017234921455, "valid_hausdorff_distance": 4.100755131803604, "learning_rate": 0.0001, "_timestamp": 1716121933.5472345, "_runtime": 23156.11162853241, "_step": 391}