{"train_loss": 0.09030657354742289, "train_acc": 0.8636825680732727, "train_ious": 0.9974256418645382, "train_dice": 0.9257355220615864, "train_hausdorff_distance": 3.9403721147882407, "valid_loss": 0.09376870840787888, "valid_acc": 0.862546157091856, "valid_ious": 0.9964846558868885, "valid_dice": 0.9254310950636864, "valid_hausdorff_distance": 4.3003887609430445, "learning_rate": 0.0001, "_timestamp": 1716230284.0838974, "_runtime": 58159.35554742813, "_step": 607, "_wandb": {"runtime": 58158}}