{"train_loss": 0.00512721631093882, "train_acc": 0.9308193437755108, "train_ious": 0.9984027557075024, "valid_loss": 0.02369063641996153, "valid_acc": 0.7411660244387965, "valid_ious": 0.9929562653264692, "learning_rate": 1.0000000000000004e-08, "_timestamp": 1715559700.046292, "_runtime": 1815.6538400650024, "_step": 111, "_wandb": {"runtime": 1814}}