{"train_loss": 0.005842945087821253, "train_acc": 0.8629492925059411, "train_ious": 0.9974852415823168, "train_dice": 0.9251075944592876, "train_hausdorff_distance": 3.6708276923407004, "valid_loss": 0.008214212664883704, "valid_acc": 0.8651493888708853, "valid_ious": 0.9964919623828703, "valid_dice": 0.9268790675747779, "valid_hausdorff_distance": 3.211479328615424, "learning_rate": 1.0000000000000004e-08, "_timestamp": 1716085455.760015, "_runtime": 24435.5809340477, "_step": 333}