{"train_loss": 0.10706975171342492, "train_acc": 0.701856542378664, "train_ious": 0.9928211160004139, "valid_loss": 0.10910838529948265, "valid_acc": 0.6730637704172442, "valid_ious": 0.989471274037515, "learning_rate": 0.0001, "_timestamp": 1715567698.1787782, "_runtime": 373.3171181678772, "_step": 22}