{"train_loss": 0.044748720712959766, "train_acc": 0.9836939727515703, "train_ious": 0.9556232616028614, "train_dice": 0.9727891981601715, "train_hausdorff_distance": 6.4150564763636275, "valid_loss": 0.09143371880054474, "valid_acc": 0.9751492826902372, "valid_ious": 0.91632779028393, "valid_dice": 0.9526019096374512, "valid_hausdorff_distance": 8.48528137423857, "learning_rate": 0.0001, "_timestamp": 1716988728.735533, "_runtime": 3666.8757400512695, "_step": 400, "_wandb": {"runtime": 3665}}