{"train_loss": 0.0017080985001354878, "train_acc": 0.9181554331665948, "train_ious": 0.9995311527025132, "valid_loss": 0.037941895199999694, "valid_acc": 0.6774179969103106, "valid_ious": 0.9910812113554247, "_timestamp": 1715556359.5874736, "_runtime": 31647.300181627274, "_step": 51}