{"train_loss": 0.1075020027346909, "train_acc": 0.8367980495095253, "train_ious": 0.9968448355793953, "train_dice": 0.9098290503025055, "train_hausdorff_distance": 4.259913660098687, "valid_loss": 0.11823849193751812, "valid_acc": 0.8305560536682606, "valid_ious": 0.9953980557620525, "valid_dice": 0.9060301631689072, "valid_hausdorff_distance": 4.753614922991873, "learning_rate": 0.0001, "_timestamp": 1716147643.3523164, "_runtime": 17377.440870285034, "_step": 610, "_wandb": {"runtime": 17376}}