{"train_loss": 0.061795301735401154, "train_acc": 0.9073457606136799, "train_ious": 0.9982232227921486, "train_dice": 0.9508863426744938, "train_hausdorff_distance": 3.317765280033532, "valid_loss": 0.07908259844407439, "valid_acc": 0.8832562454044819, "valid_ious": 0.9968944266438484, "valid_dice": 0.9374197274446487, "valid_hausdorff_distance": 4.116958277374755, "learning_rate": 0.0001, "_timestamp": 1716232203.8684175, "_runtime": 60050.74283742905, "_step": 684, "_wandb": {"runtime": 60049}}