{"train_loss": 0.12183929713709014, "train_acc": 0.5883545989081973, "train_ious": 0.9891359181631179, "valid_loss": 0.09957167488192359, "valid_acc": 0.5894131256688026, "valid_ious": 0.9883419419488599, "learning_rate": 0.0001, "_timestamp": 1715557851.083472, "_runtime": 149.56687307357788, "_step": 8}