{"train_loss": 0.9399269409477711, "train_acc": 0.6822340413928032, "train_ious": 0.9926055744290352, "train_dice": 0.8031967505812645, "train_hausdorff_distance": 5.470303517168707, "valid_loss": 0.8326132856309414, "valid_acc": 0.7815682739019394, "valid_ious": 0.9935687519609928, "valid_dice": 0.8751573152840137, "valid_hausdorff_distance": 5.406776811045854, "learning_rate": 0.0001, "_timestamp": 1716164190.2887523, "_runtime": 816.2468032836914, "_step": 37}