{"train_loss": 0.08906467979954134, "train_acc": 0.564054315128634, "train_ious": 0.991063408313259, "train_dice": 0.7103879644024756, "train_hausdorff_distance": 5.978404031973229, "valid_loss": 0.0826202922410542, "valid_acc": 0.6384645044322936, "valid_ious": 0.9898540012298092, "valid_dice": 0.773900879006232, "valid_hausdorff_distance": 4.957007052930447, "learning_rate": 0.0001, "_timestamp": 1716060926.7475796, "_runtime": 298.4203476905823, "_step": 5}