{"train_loss": 0.004445167085636527, "train_acc": 0.9039866174421003, "train_ious": 0.9982543530002717, "train_dice": 0.9488505067363862, "train_hausdorff_distance": 3.111221264053257, "valid_loss": 0.014011427572357559, "valid_acc": 0.8180515396018182, "valid_ious": 0.9951376184340446, "valid_dice": 0.8980821097089399, "valid_hausdorff_distance": 3.718358059109229, "learning_rate": 1.0000000000000004e-08, "_timestamp": 1716080203.211388, "_runtime": 19574.88415622711, "_step": 99, "_wandb": {"runtime": 19573}}