{"train_loss": 0.15030322584413713, "train_acc": 0.5957450799403652, "train_ious": 0.9911958479112194, "train_dice": 0.7357347396112257, "train_hausdorff_distance": 5.458639348400515, "valid_loss": 0.14708823085792602, "valid_acc": 0.6259426128479743, "valid_ious": 0.990073065603933, "valid_dice": 0.7625305691073018, "valid_hausdorff_distance": 4.734009607454527, "learning_rate": 0.0001, "_timestamp": 1716060902.9451644, "_runtime": 455.28199434280396, "_step": 12}