{"train_loss": 0.0059700540507272365, "train_acc": 0.8581769870173547, "train_ious": 0.9974150426926152, "train_dice": 0.9223944506337566, "train_hausdorff_distance": 4.005814773824189, "valid_loss": 0.008006320727403246, "valid_acc": 0.8678738835357851, "valid_ious": 0.9965805238293063, "valid_dice": 0.9284402007056821, "valid_hausdorff_distance": 3.1632677827982163, "learning_rate": 1.0000000000000004e-08, "_timestamp": 1716085389.2824087, "_runtime": 24941.619238615036, "_step": 297, "_wandb": {"runtime": 24940}}