{"train_loss": 0.0031058475433383137, "train_acc": 0.8890624493360519, "train_ious": 0.999044731259346, "valid_loss": 0.031799864294307846, "valid_acc": 0.7110335230827332, "valid_ious": 0.9920820007401128, "_timestamp": 1715457070.8247478, "_runtime": 2535.912172794342, "_step": 150}