{"train_loss": 0.005241141363512725, "train_acc": 0.8640601113438606, "train_ious": 0.998452290892601, "valid_loss": 0.027237011239893975, "valid_acc": 0.7264179212431754, "valid_ious": 0.9920035283411702, "_timestamp": 1715456613.0224533, "_runtime": 2078.1098783016205, "_step": 121}