{"train_loss": 0.004851920006331056, "train_acc": 0.8705774694681168, "train_ious": 0.998588927090168, "valid_loss": 0.027210889233937188, "valid_acc": 0.7169816128669246, "valid_ious": 0.9922584401023004, "_timestamp": 1715456644.151698, "_runtime": 2109.239123106003, "_step": 123}