{"train_loss": 0.012171084177680314, "train_acc": 0.8327068462967873, "train_ious": 0.9976721256971359, "valid_loss": 0.028774177054724386, "valid_acc": 0.7110850753322724, "valid_ious": 0.9919711043757777, "_timestamp": 1715456063.8572528, "_runtime": 1528.9446778297424, "_step": 86}