{"train_loss": 0.0026280730089638382, "train_acc": 0.8947381973266602, "train_ious": 0.9991956874728203, "valid_loss": 0.03087249061753673, "valid_acc": 0.7219351328188374, "valid_ious": 0.9922317179941362, "_timestamp": 1715457214.6061976, "_runtime": 2679.6936225891113, "_step": 160, "_wandb": {"runtime": 2680}}