{"train_loss": 0.02502310526324436, "train_acc": 0.9625547789037228, "train_ious": 0.9992753379046917, "train_dice": 0.9807906560599804, "train_hausdorff_distance": 2.745356006574771, "valid_loss": 0.14311301754787564, "valid_acc": 0.8142889104783535, "valid_ious": 0.9950622394680977, "valid_dice": 0.8943041637539864, "valid_hausdorff_distance": 4.979573755164471, "learning_rate": 0.0001, "_timestamp": 1716170805.6069777, "_runtime": 6474.587148666382, "_step": 284, "_wandb": {"runtime": 6473}}