{"train_loss": 0.04564311643761973, "train_acc": 0.2160859353119327, "train_ious": 0.9837557096635142, "train_dice": 0.3384518046532908, "train_hausdorff_distance": 6.498967281622614, "valid_loss": 0.0554261842682477, "valid_acc": 0.2785347698917312, "valid_ious": 0.9795566590562943, "valid_dice": 0.423837875166247, "valid_hausdorff_distance": 5.754365621791045, "learning_rate": 0.0001, "_timestamp": 1716090074.5687788, "_runtime": 1156.7581548690796, "_step": 45}